repetition_rate,album,phonetic_entropy,lexical_entropy,phonetic_repetition_rate,song,first_person_rate,line_end_similarity,second_person_rate,third_person_rate
0.7045,aka_lizzy_grant,2.478223362187888,4.4643,0.8181818181818182,brite_lites.txt,183.673,0.8409,20.408,0.0
0.2,aka_lizzy_grant,3.2037016960573483,5.8875,0.45,for_K_part_2.txt,93.333,0.45,120.0,0.0
0.5167,aka_lizzy_grant,2.8305169820490623,5.6428,0.6842105263157895,gramma.txt,106.132,0.6333,28.302,0.0
0.4571,aka_lizzy_grant,3.2536047171808358,5.0361,0.6285714285714286,jump.txt,24.752,0.5143,133.663,9.901
0.5714,aka_lizzy_grant,2.8657078222421677,5.0833,0.6857142857142857,kill_kill.txt,134.259,0.6286,32.407,4.63
0.4286,aka_lizzy_grant,3.342370993177109,5.3926,0.5,mermaid_motel.txt,107.477,0.4286,102.804,4.673
0.1111,aka_lizzy_grant,3.169925001442312,5.3817,0.3888888888888889,oh_say_can_you_see.txt,48.78,0.3333,60.976,24.39
0.1852,aka_lizzy_grant,2.9393486129540656,5.9218,0.5185185185185185,pawn_shop_blues.txt,85.106,0.4074,42.553,5.319
0.6765,aka_lizzy_grant,2.594195041880603,4.981,0.7037037037037037,put_me_in_a_movie.txt,113.99,0.6765,124.352,31.088
0.359,aka_lizzy_grant,3.6695163212044566,5.9031,0.5897435897435898,queen_of_the_gas_station.txt,86.957,0.5128,67.633,19.324
0.6304,aka_lizzy_grant,3.830026318961834,5.4294,0.7391304347826086,raise_me_up.txt,193.798,0.7065,28.424,5.168
0.5273,aka_lizzy_grant,3.245288014336223,5.5371,0.7454545454545455,smarty.txt,86.022,0.7091,53.763,0.0
0.5682,aka_lizzy_grant,2.857192196826163,5.3744,0.75,yayo.txt,128.906,0.6818,105.469,0.0
0.0,ariel,4.853055907333276,6.3639,0.225,cut,45.113,0.05,37.594,7.519
0.0,ariel,3.3105266537123303,7.0496,0.5974025974025974,daddy,71.705,0.375,62.016,11.628
0.0,ariel,4.984769618706744,6.9109,0.10526315789473684,elm,80.537,0.0714,26.846,20.134
0.0294,ariel,5.058640193643929,6.9094,0.38095238095238093,getting_there,38.76,0.1471,2.584,15.504
0.0,ariel,5.478610178408274,7.0088,0.37349397590361444,lady_lazarus,88.452,0.2143,12.285,4.914
0.0,ariel,5.361313030086848,7.5031,0.4222222222222222,lesbos,45.677,0.3043,55.465,34.258
0.0,ariel,4.814511455679293,6.8667,0.24390243902439024,medusa,63.636,0.0698,54.545,9.091
0.0,ariel,3.875,6.3777,0.0625,morning_song,37.037,0.0,74.074,0.0
0.0,ariel,3.095795255000934,5.8457,0.18181818181818182,poppies_in_october,27.397,0.0,0.0,13.699
0.0,ariel,3.773557262275186,5.6271,0.06666666666666667,sheep_in_fog,72.464,0.0,0.0,28.986
0.025,ariel,4.511768795973195,6.6042,0.3,the_applicant,21.186,0.15,72.034,0.0
0.0,ariel,3.238901256602631,5.292,0.23076923076923078,the_couriers,24.096,0.0,0.0,0.0
0.0,ariel,4.132944044980959,6.3378,0.2692307692307692,the_night_dances,37.594,0.0714,30.075,22.556
0.0,ariel,5.054608608599498,7.4345,0.3387096774193548,tulips,82.524,0.1719,3.236,45.307
0.0,ariel,4.783000287709756,6.7395,0.3191489361702128,wintering,26.756,0.2,0.0,46.823
0.3191,aurora,3.3406793239114614,5.7262,0.5531914893617021,aurora,108.504,0.5106,61.584,0.0
0.4328,aurora,3.5050676394896016,5.6926,0.7424242424242424,kill_you_to_try,148.741,0.6119,52.632,0.0
0.425,aurora,3.0265896566842354,5.1584,0.6,let_me_down_easy,158.228,0.55,110.759,0.0
0.5357,aurora,3.1060264685364456,5.7009,0.7678571428571429,look_at_us_now,31.496,0.6071,20.997,0.0
0.3438,aurora,3.6796874392795544,5.2904,0.4838709677419355,look_me_in_the_eye,120.0,0.4688,65.0,0.0
0.4894,aurora,3.1155585653937887,5.8296,0.6739130434782609,more_fun_to_miss,47.619,0.5957,51.02,0.0
0.0,aurora,1.746465798504072,5.1416,0.7333333333333333,no_words,103.261,0.4667,10.87,0.0
0.08,aurora,3.6194705707972523,6.0348,0.4,please,106.742,0.24,22.472,5.618
0.2,aurora,2.7841837197791888,5.5734,0.5,regret_me,129.353,0.35,94.527,0.0
0.4429,aurora,3.578775612287467,5.3873,0.7571428571428571,the_river,184.091,0.6571,88.636,2.273
0.1429,aurora,3.7154535460473688,6.2668,0.38461538461538464,two_against_three,51.429,0.3214,28.571,22.857
0.2105,aurora,3.5755886970847777,6.0124,0.5789473684210527,you_were_gone,79.545,0.4211,98.485,0.0
0.4,back_to_black,3.3634606841964283,5.4589,0.675,back_to_black,101.382,0.525,41.475,36.866
0.2857,back_to_black,3.3446983751597124,5.3874,0.42857142857142855,he_can_only_hold_her,0.0,0.4286,0.0,200.0
0.2174,back_to_black,2.9583445647526654,5.2884,0.5217391304347826,just_friends,24.242,0.5652,24.242,12.121
0.25,back_to_black,2.6012274809529554,5.4197,0.6666666666666666,love_is_a_losing_game,50.0,0.5417,25.0,0.0
0.0833,back_to_black,3.481714572986073,6.0829,0.4090909090909091,me_and_mr_jones,117.647,0.125,58.824,9.804
0.1818,back_to_black,3.5047385039895524,6.0147,0.48484848484848486,rehab,162.939,0.2727,12.78,15.974
0.1111,back_to_black,3.110207059327665,6.2275,0.5925925925925926,some_unholy_war,102.041,0.3704,34.014,54.422
0.4286,back_to_black,3.7830026014950375,6.5011,0.7272727272727273,tears_dry_on_their_own,96.685,0.6364,30.387,46.961
0.25,back_to_black,3.994004065616087,6.3884,0.5384615384615384,wake_up_alone,149.573,0.45,0.0,55.556
0.2683,back_to_black,3.853055907333276,6.234,0.55,you_know_im_no_good,156.863,0.4146,98.039,7.843
0.6585,badlands,2.6173574033491644,5.9945,0.7948717948717948,castle,70.312,0.7805,5.208,20.833
0.5763,badlands,2.9100902144548515,6.1752,0.7796610169491526,colors,33.52,0.7119,81.006,64.246
0.3,badlands,1.5487949406953985,4.0241,0.5,colors_pt_2,24.39,0.4,73.171,0.0
0.5735,badlands,3.55412832340365,5.5548,0.7058823529411765,coming_down,67.183,0.6618,0.0,38.76
0.4528,badlands,3.797384410949979,6.2613,0.6226415094339622,control,161.29,0.5472,25.806,22.581
0.303,badlands,3.9375,5.9909,0.4375,drive,60.748,0.3636,23.364,0.0
0.3438,badlands,2.9056390622295662,6.1389,0.6875,gasoline,88.235,0.6875,77.206,0.0
0.3864,badlands,3.7372853115732667,6.0582,0.5909090909090909,ghost,141.176,0.5227,98.039,11.765
0.4634,badlands,2.9594417871190513,5.8004,0.7073170731707317,haunting,138.462,0.6829,104.615,3.077
0.6,badlands,3.1817581394931316,5.7464,0.7446808510638298,hold_me_down,206.128,0.72,0.0,25.07
0.303,badlands,3.9375,5.9909,0.4375,hurricane,60.748,0.3636,23.364,0.0
0.4118,badlands,1.8498687225851778,5.2776,0.7058823529411765,i_walk_the_line,202.797,0.5882,90.909,0.0
0.375,badlands,2.9524625102252533,5.9283,0.6129032258064516,new_americana,0.0,0.4688,11.583,27.027
0.4,badlands,4.296076359493551,6.4146,0.5818181818181818,roman_holiday,41.916,0.5455,23.952,2.994
0.537,badlands,3.7115011588096554,6.1583,0.6666666666666666,strange_love,60.166,0.6111,58.091,22.822
0.4412,badlands,3.616874605956222,5.9291,0.5882352941176471,young_god,31.746,0.5,50.794,6.349
0.1951,blue_banisters,3.7284303578017126,6.5722,0.5853658536585366,arcadia,110.032,0.4146,32.362,9.709
0.4,blue_banisters,3.5061983328100954,6.0086,0.65,beautiful,94.262,0.525,49.18,8.197
0.26,blue_banisters,3.967178089968258,6.7563,0.5918367346938775,black_bathing_suit,108.545,0.44,48.499,23.095
0.0167,blue_banisters,4.605032125074863,6.9402,0.4482758620689655,blue_banisters,89.636,0.2833,8.403,11.204
0.2308,blue_banisters,2.5134934166796437,5.6692,0.6153846153846154,cherry_blossom,49.689,0.4615,130.435,0.0
0.4222,blue_banisters,3.390244405361756,6.0192,0.6744186046511628,dealer,115.646,0.6,78.231,34.014
0.3636,blue_banisters,2.8069526352290706,5.736,0.7045454545454546,if_you_lie_down_with_me,91.195,0.5682,78.616,9.434
0.2059,blue_banisters,3.098473049913859,5.7927,0.6176470588235294,living_legend,96.916,0.5588,92.511,8.811
0.4828,blue_banisters,2.526412328225464,5.3509,0.6551724137931034,nectar_of_the_gods,109.705,0.5862,54.852,0.0
0.1316,blue_banisters,3.6656853797164164,6.2384,0.5135135135135135,sweet_carolina,19.157,0.5,130.268,7.663
0.234,blue_banisters,4.416083000521745,6.7275,0.46808510638297873,text_book,101.036,0.383,46.632,28.497
0.3818,blue_banisters,3.361839654496255,5.5622,0.6727272727272727,thunder,20.067,0.6364,90.301,0.0
0.3462,blue_banisters,3.8593370182306197,6.3015,0.6326530612244898,violets_for_roses,72.993,0.5962,34.063,17.032
0.24,blue_banisters,4.124188161673221,6.4305,0.5510204081632653,wildflower_wildfire,94.044,0.44,40.752,3.135
0.254,born_to_die,4.207823402427323,6.6737,0.5737704918032787,blue_jeans,73.232,0.381,83.333,7.576
0.3889,born_to_die,3.666588317524426,6.4105,0.7037037037037037,born_to_die,90.047,0.5926,54.502,0.0
0.36,born_to_die,4.146222266682389,6.9101,0.6666666666666666,carmen,22.535,0.5333,28.169,73.239
0.4932,born_to_die,3.79849304188396,6.0682,0.7534246575342466,dark_paradise,114.155,0.6849,59.361,0.0
0.6,born_to_die,3.257099761475546,5.8203,0.775,diet_mountain_dew,77.876,0.675,92.035,3.54
0.3696,born_to_die,3.164726775406803,6.3003,0.6521739130434783,lolita,107.5,0.4565,50.0,12.5
0.3429,born_to_die,3.3998737308598,6.2215,0.6285714285714286,lucky_ones,76.923,0.5429,70.513,0.0
0.4286,born_to_die,3.2443067754867636,5.9682,0.6285714285714286,million_dollar_man,100.0,0.5143,100.0,7.692
0.3973,born_to_die,4.118219801263264,6.6462,0.5833333333333334,national_anthem,83.673,0.4932,71.429,12.245
0.1522,born_to_die,5.175381070850622,7.2201,0.4827586206896552,off_to_the_races,136.364,0.4565,47.138,45.455
0.6071,born_to_die,3.4048086098910746,5.7457,0.7321428571428571,radio,167.5,0.6786,30.0,5.0
0.537,born_to_die,3.010181469210371,5.8341,0.7450980392156863,summertime_sadness,102.564,0.6667,44.872,0.0
0.2982,born_to_die,4.570136841430028,6.8837,0.48214285714285715,this_is_what_makes_us_girls,16.204,0.3684,4.63,27.778
0.4444,born_to_die,2.7815529462372894,5.9829,0.704225352112676,video_games,59.126,0.5972,110.54,17.995
0.46,born_to_die,3.6526901402903587,6.0946,0.6326530612244898,without_you,115.607,0.62,86.705,11.561
0.32,chemtrails_over_the_country_club,1.8438561897747248,5.6847,0.72,breaking_up_slowly,77.586,0.64,34.483,8.621
0.225,chemtrails_over_the_country_club,3.975070520364182,6.4174,0.525,chemtrails_over_the_country_club,91.195,0.45,34.591,3.145
0.2195,chemtrails_over_the_country_club,3.6140411886335952,6.2473,0.5609756097560976,dance_till_we_die,33.333,0.561,3.03,3.03
0.3958,chemtrails_over_the_country_club,3.218155595875227,6.3879,0.7083333333333334,dark_but_just_a_game,32.573,0.5417,13.029,22.801
0.0,chemtrails_over_the_country_club,3.859470570797252,6.3832,0.32,for_free,58.48,0.16,11.696,70.175
0.4651,chemtrails_over_the_country_club,3.476300302795951,5.523,0.6744186046511628,let_me_love_you_like_a_woman,145.062,0.5116,83.333,0.0
0.3659,chemtrails_over_the_country_club,3.118197430761374,5.7519,0.6829268292682927,not_all_who_wander_are_lost,69.686,0.561,83.624,0.0
0.5082,chemtrails_over_the_country_club,4.069280369995105,6.3789,0.6557377049180327,tulsa_jesus_freak,51.813,0.5574,51.813,5.181
0.26,chemtrails_over_the_country_club,3.796245381622649,6.0839,0.64,white_dress,121.065,0.58,4.843,2.421
0.2857,chemtrails_over_the_country_club,3.7146617192457945,6.1143,0.5833333333333334,wild_at_heart,140.805,0.5306,54.598,17.241
0.2093,chemtrails_over_the_country_club,3.5212380811929433,5.977,0.6744186046511628,yosemite,72.607,0.5581,29.703,0.0
0.3415,did_you_know_ocean_blvd,4.485143148749781,6.6985,0.5609756097560976,A&W,115.804,0.4756,40.872,31.335
0.3091,did_you_know_ocean_blvd,3.6178405611516156,6.0903,0.6363636363636364,candy_necklace,86.466,0.5818,30.075,7.519
0.413,did_you_know_ocean_blvd,3.428570089118975,6.1376,0.6222222222222222,did_you_know_that_theres_a_tunnel_under_ocean_blvd,138.365,0.5435,22.013,12.579
0.0,did_you_know_ocean_blvd,4.722160280393908,7.1704,0.4107142857142857,fingertips,101.293,0.1786,34.483,17.241
0.2319,did_you_know_ocean_blvd,3.722636319948336,6.3292,0.7101449275362319,fishtail,96.019,0.5652,96.019,4.684
0.1471,did_you_know_ocean_blvd,4.359377914716119,6.4417,0.3235294117647059,grandfather_please_stand,112.0,0.3529,36.0,16.0
0.3019,did_you_know_ocean_blvd,3.498036067665984,5.1706,0.6862745098039216,jon_batiste_interlude,141.361,0.5714,26.178,0.0
0.0,did_you_know_ocean_blvd,5.033214015923012,7.0882,0.40625,judah_smith_interlude,87.028,0.1912,67.323,8.21
0.2344,did_you_know_ocean_blvd,4.073675999307595,6.5947,0.5423728813559322,kintsugi,66.239,0.4375,14.957,29.915
0.1818,did_you_know_ocean_blvd,3.4445488277869583,6.1067,0.5625,let_the_light_in,61.594,0.3939,86.957,0.0
0.3889,did_you_know_ocean_blvd,3.22720672922386,6.2492,0.6666666666666666,margaret,34.574,0.5741,122.34,15.957
0.25,did_you_know_ocean_blvd,3.377443751081734,5.5023,0.5555555555555556,paris_texas,47.619,0.5,142.857,10.582
0.569,did_you_know_ocean_blvd,3.3446286242514107,5.9247,0.6896551724137931,peppers,99.01,0.6429,69.307,1.98
0.0645,did_you_know_ocean_blvd,3.8844782633310633,6.5097,0.3870967741935484,sweet,85.02,0.1935,64.777,12.146
0.2286,did_you_know_ocean_blvd,4.05676721787546,6.8546,0.6323529411764706,taco_truck_x_VB,112.735,0.5,52.192,2.088
0.2222,did_you_know_ocean_blvd,3.639447619967647,5.7228,0.5555555555555556,the_grants,176.678,0.4889,81.272,0.0
0.5,dreamland,3.8797322990860357,6.2346,0.6666666666666666,domestic_bliss,118.541,0.5833,63.83,36.474
0.375,dreamland,3.2636399122082125,5.9859,0.5,dreamland,0.0,0.4375,130.597,3.731
0.5,dreamland,3.827477917103411,6.0536,0.640625,heat_waves,79.327,0.5625,76.923,0.0
0.0417,dreamland,4.2626923908396215,6.4628,0.13043478260869565,helium,87.912,0.125,32.967,16.484
0.5185,dreamland,3.6224869632623986,5.5791,0.6037735849056604,hot_sugar,40.161,0.6111,68.273,0.0
0.3529,dreamland,3.8871987351738495,5.8156,0.40625,its_all_so_incredibly_loud,80.537,0.4412,53.691,0.0
0.5455,dreamland,3.3131977956233416,5.8413,0.6818181818181818,i_dont_wanna_talk,98.191,0.6364,41.344,2.584
0.0,dreamland,4.0559581516151235,6.6319,0.21739130434782608,melon_and_the_coconut,54.054,0.0417,48.649,0.0
0.25,dreamland,4.243300368538958,6.7269,0.4318181818181818,space_ghost_coast_to_coast,29.9,0.3542,106.312,6.645
0.4366,dreamland,3.807480585101143,6.279,0.6567164179104478,tangerine,99.502,0.5775,94.527,0.0
0.3137,dreamland,3.8523342098503726,6.397,0.6078431372549019,tokyo_drifting,30.075,0.4902,65.163,12.531
0.1591,dreamland,4.433634982148036,6.6478,0.38095238095238093,waterfalls_coming_out_your_mouth,33.816,0.2273,86.957,0.0
0.4789,dreamland,3.930311596365163,6.0874,0.6521739130434783,your_love,93.75,0.5915,153.409,0.0
0.3333,electra_heart,3.5738085129044896,6.0589,0.5454545454545454,bubblegum_btch,134.921,0.4167,71.429,3.968
0.5,electra_heart,3.0569582421354604,5.8222,0.7884615384615384,buy_the_stars,36.036,0.6731,132.132,0.0
0.3529,electra_heart,2.578551990991326,5.0029,0.5294117647058824,electra_heart,101.01,0.4118,60.606,90.909
0.4348,electra_heart,2.6260790752930068,5.3965,0.8043478260869565,EVOL,46.921,0.6304,38.123,0.0
0.22,electra_heart,3.9468543656567667,6.3348,0.5208333333333334,fear_and_loathing,64.935,0.52,19.481,12.987
0.3333,electra_heart,3.745095649545759,6.2635,0.525,homewrecker,111.801,0.5185,18.634,31.056
0.5116,electra_heart,2.284020418959504,5.9433,0.7674418604651163,how_to_be_a_heartbreaker,50.0,0.6279,56.25,43.75
0.3333,electra_heart,2.7700333844140457,5.4134,0.6333333333333333,hypocrates,84.821,0.5667,125.0,0.0
0.4545,electra_heart,3.118670633854372,5.8583,0.6666666666666666,lies,54.152,0.6061,79.422,0.0
0.4035,electra_heart,3.8142581036547423,5.689,0.6296296296296297,living_dead,125.413,0.6316,3.3,0.0
0.6,electra_heart,2.3524876891689535,5.1798,0.68,lonely_hearts_club,83.744,0.64,68.966,0.0
0.54,electra_heart,3.0942355015040883,5.4513,0.78,power_and_control,58.824,0.64,69.204,0.0
0.431,electra_heart,4.198245434670841,6.3476,0.6206896551724138,primadonna,116.751,0.6034,40.609,0.0
0.5128,electra_heart,3.098146605815929,5.7164,0.6666666666666666,radioactive,159.533,0.6667,54.475,0.0
0.3696,electra_heart,3.544876086303668,5.6031,0.6086956521739131,sex_yeah,53.459,0.5217,25.157,9.434
0.2647,electra_heart,3.373796296941798,6.3048,0.5882352941176471,starring_role,87.662,0.5,71.429,0.0
0.375,electra_heart,3.6870887288625167,6.0845,0.6607142857142857,teen_idle,135.135,0.5179,0.0,0.0
0.4545,electra_heart,3.1774353171027925,5.2543,0.6666666666666666,the_state_of_dreaming,103.448,0.6364,7.663,15.326
0.5745,electra_heart,3.0494520727893937,5.5894,0.75,valley_of_the_dolls,74.906,0.6596,3.745,0.0
0.4714,froot,3.249186853622043,6.4098,0.7285714285714285,better_than_that,38.202,0.6429,58.427,29.213
0.4655,froot,2.9899519000739607,5.7692,0.7586206896551724,blue,85.47,0.6724,34.188,0.0
0.3966,froot,3.375222374437917,5.8585,0.6379310344827587,cant_pin_me_down,141.643,0.4655,150.142,0.0
0.2222,froot,4.00966980210015,6.5996,0.5,forget,113.208,0.4074,12.579,3.145
0.3649,froot,4.19652372075009,6.7116,0.6376811594202898,froot,100.0,0.5405,69.767,4.651
0.2424,froot,3.6381404237049173,5.98,0.5151515151515151,gold,136.546,0.4242,40.161,4.016
0.2222,froot,3.1361747996717444,6.0342,0.6388888888888888,happy,142.222,0.4722,8.889,0.0
0.3143,froot,4.302317710526794,6.4352,0.6,immortal,65.445,0.5143,15.707,0.0
0.2826,froot,3.341376295022148,6.0091,0.717391304347826,im_a_ruin,113.573,0.5435,52.632,0.0
0.25,froot,4.696707011922632,6.7023,0.5074626865671642,savages,14.118,0.3824,16.471,2.353
0.4043,froot,3.442646174825018,6.322,0.6170212765957447,solitaire,120.0,0.4681,20.0,12.0
0.449,froot,3.4602683866601702,5.789,0.673469387755102,weeds,82.645,0.551,20.661,24.793
0.2258,honeymoon,3.7567958110719153,5.8473,0.45161290322580644,24,42.328,0.3226,105.82,10.582
0.44,honeymoon,3.5602948796802174,5.9491,0.7,art_deco,3.175,0.64,126.984,19.048
0.0,honeymoon,3.0269868333592873,5.4457,0.3076923076923077,burnt_norton,0.0,0.2143,0.0,0.0
0.1429,honeymoon,3.5661089398374806,6.2168,0.42857142857142855,dont_let_me_be_misunderstood,125.604,0.3571,48.309,0.0
0.3962,honeymoon,3.060342016478572,6.3494,0.7547169811320755,freak,56.657,0.566,70.822,2.833
0.3158,honeymoon,3.246404976312798,5.1982,0.6052631578947368,god_knows_i_tried,182.879,0.5789,0.0,3.891
0.3559,honeymoon,3.777389939125684,5.7785,0.64,high_by_the_beach,79.208,0.6102,44.554,0.0
0.475,honeymoon,2.415625609240554,6.0089,0.8,honeymoon,43.902,0.65,107.317,0.0
0.5357,honeymoon,3.627750343290284,5.9152,0.6785714285714286,music_to_watch_boys_to,138.587,0.6607,59.783,0.0
0.3864,honeymoon,3.267015095993226,6.0908,0.6744186046511628,religion,114.695,0.5682,75.269,3.584
0.3721,honeymoon,3.3300097433668046,5.1901,0.6744186046511628,salvatore,33.457,0.5814,33.457,0.0
0.42,honeymoon,3.410044500340505,6.0018,0.7,swan_song,37.975,0.6,75.949,0.0
0.129,honeymoon,3.7356660681024447,5.6616,0.4838709677419355,terrence_loves_you,143.498,0.3548,94.17,0.0
0.3714,honeymoon,3.8218529759484436,6.368,0.6911764705882353,the_blackest_day,136.253,0.6143,38.929,7.299
0.6,hopeless_fountain_kingdom,3.30591191284399,5.9267,0.7037037037037037,100_letters,125.0,0.6727,22.059,44.118
0.3788,hopeless_fountain_kingdom,4.198512523664096,5.9193,0.5909090909090909,alone,181.579,0.5231,84.211,26.316
0.359,hopeless_fountain_kingdom,3.1992933358804216,5.7329,0.6153846153846154,angel_on_fire,132.948,0.5897,37.572,5.78
0.4127,hopeless_fountain_kingdom,4.325637329985181,6.3776,0.543859649122807,bad_at_love,133.333,0.5397,49.383,27.16
0.6935,hopeless_fountain_kingdom,2.519016384917957,4.7826,0.8225806451612904,devil_in_me,128.415,0.8065,19.126,0.0
0.5167,hopeless_fountain_kingdom,3.467721661527313,5.8779,0.7241379310344828,dont_play,100.629,0.6167,9.434,0.0
0.4194,hopeless_fountain_kingdom,2.0082830028884224,5.6055,0.7741935483870968,eyes_closed,128.319,0.6774,79.646,44.248
0.3529,hopeless_fountain_kingdom,2.8138461086383844,5.189,0.4117647058823529,good_mourning,38.217,0.3529,0.0,25.478
0.4915,hopeless_fountain_kingdom,2.5476581564979375,5.8309,0.8245614035087719,heaven_in_hiding,67.265,0.678,85.202,0.0
0.451,hopeless_fountain_kingdom,3.5622827809058584,5.9421,0.6666666666666666,hopeless,69.853,0.6471,47.794,3.676
0.1622,hopeless_fountain_kingdom,3.265246528378741,6.3477,0.5833333333333334,lie,102.679,0.3514,80.357,17.857
0.3906,hopeless_fountain_kingdom,3.593106488681372,5.6346,0.75,now_or_never,98.624,0.7656,66.514,0.0
0.5,hopeless_fountain_kingdom,3.1401689836690365,5.9027,0.7321428571428571,sorry,106.583,0.6786,72.1,0.0
0.4286,hopeless_fountain_kingdom,3.450230960509787,5.9332,0.6666666666666666,strangers,82.237,0.619,32.895,19.737
0.1304,hopeless_fountain_kingdom,3.0453010864917958,6.4584,0.5217391304347826,the_prologue,24.096,0.2609,6.024,36.145
0.3953,hopeless_fountain_kingdom,3.6175569056133225,6.0394,0.6046511627906976,walls_could_talk,48.246,0.4884,39.474,4.386
0.1176,how_to_be_a_human_being,4.248495255525411,6.4543,0.36363636363636365,agnes,41.451,0.2353,82.902,0.0
0.4583,how_to_be_a_human_being,3.088456377350588,5.1022,0.5416666666666666,cane_shuga,17.094,0.4583,68.376,0.0
0.6136,how_to_be_a_human_being,3.127478486418822,5.5035,0.6818181818181818,life_itself,115.625,0.6591,0.0,15.625
0.15,how_to_be_a_human_being,4.137841000858057,6.1174,0.48717948717948717,mamas_gun,105.263,0.3,40.936,46.784
0.325,how_to_be_a_human_being,3.977567157116929,6.3036,0.55,poplar_st,85.02,0.5,16.194,28.34
0.3269,how_to_be_a_human_being,3.1723991045564555,6.3172,0.6730769230769231,pork_soda,100.89,0.4038,59.347,2.967
0.0,how_to_be_a_human_being,3.916126946588284,6.3404,0.23809523809523808,premade_sandwiches,0.0,0.125,11.628,29.07
0.3571,how_to_be_a_human_being,4.317031495157584,6.383,0.5535714285714286,season_2_episode_3,96.774,0.5179,50.179,3.584
0.2222,how_to_be_a_human_being,4.2430101595548555,6.4417,0.34285714285714286,take_a_slice,90.517,0.3056,30.172,0.0
0.2182,how_to_be_a_human_being,4.356358371799657,6.8128,0.49019607843137253,the_other_side_of_paradise,96.045,0.3091,31.073,28.249
0.5306,how_to_be_a_human_being,3.911845315026195,5.8299,0.6086956521739131,youth,52.239,0.6122,134.328,0.0
0.3636,if_i_cant_have_love_i_want_power,3.2661704035459813,5.7741,0.7045454545454546,1121,168.385,0.5227,85.911,0.0
0.541,if_i_cant_have_love_i_want_power,3.5999493784690277,6.0389,0.7049180327868853,bells_in_santa_fe,87.879,0.6557,33.333,3.03
0.275,if_i_cant_have_love_i_want_power,4.009134590379753,6.6214,0.5128205128205128,darling,68.345,0.525,64.748,14.388
0.3488,if_i_cant_have_love_i_want_power,3.6669917200103637,5.9833,0.627906976744186,easier_than_lying,87.5,0.5581,106.25,0.0
0.3966,if_i_cant_have_love_i_want_power,3.8521442477402643,6.4581,0.6379310344827587,girl_is_a_gun,93.333,0.5517,58.667,0.0
0.3818,if_i_cant_have_love_i_want_power,3.978477613596087,6.1559,0.6545454545454545,honey,103.448,0.5818,2.874,54.598
0.4561,if_i_cant_have_love_i_want_power,3.51511863066858,5.6308,0.7368421052631579,i_am_not_a_woman_im_a_god,182.432,0.6296,20.27,0.0
0.2909,if_i_cant_have_love_i_want_power,3.8451603476359115,6.0116,0.6481481481481481,lilith,138.028,0.5636,73.239,2.817
0.4167,if_i_cant_have_love_i_want_power,4.293657470283998,6.4304,0.6,nightmare,171.756,0.5667,13.359,11.45
0.3889,if_i_cant_have_love_i_want_power,4.1832574754853535,6.2256,0.5555555555555556,the_lighthouse,76.233,0.4815,22.422,33.632
0.629,if_i_cant_have_love_i_want_power,3.542748326446118,5.7543,0.7580645161290323,the_tradition,3.096,0.7419,83.591,46.44
0.2333,if_i_cant_have_love_i_want_power,4.098164871139057,6.2706,0.6271186440677966,whispers,75.472,0.5333,94.34,35.04
0.1143,if_i_cant_have_love_i_want_power,3.9077148025974386,6.559,0.42857142857142855,yaaburnee,116.197,0.4571,66.901,0.0
0.3864,if_i_cant_have_love_i_want_power,3.7424117317819636,6.0835,0.5681818181818182,you_asked_for_this,71.918,0.5,71.918,0.0
0.2642,ilysfm,4.402172105384135,6.1353,0.49056603773584906,a_tear_in_space,79.31,0.4151,100.0,0.0
0.4412,ilysfm,3.739365726713981,6.3033,0.7205882352941176,creatures_in_heaven,84.337,0.6471,64.257,4.016
0.4831,ilysfm,4.695480497005644,6.4353,0.5862068965517241,how_i_learned_to_love_the_bomb,53.191,0.5169,87.234,2.128
0.4194,ilysfm,4.290979931697137,6.2377,0.5967741935483871,i_cant_make_you_fall_in_love_again,86.957,0.5484,104.348,2.899
0.5185,ilysfm,3.849445780134189,6.0356,0.6111111111111112,lost_in_the_ocean,97.187,0.5926,71.611,2.558
0.4179,ilysfm,3.70123139980293,5.0705,0.6119402985074627,on_the_run,60.0,0.5373,10.0,1.667
0.3636,ilysfm,4.4480015041730985,6.8379,0.5161290322580645,show_pony,10.142,0.4697,77.079,32.454
0.2292,ilysfm,4.341310040533735,6.3186,0.3333333333333333,whatthehellishappening,132.565,0.3125,5.764,0.0
0.4342,ilysfm,4.433637490722565,6.3971,0.5921052631578947,white_roses,94.298,0.5263,52.632,2.193
0.2468,ilysfm,4.349246865019507,7.0393,0.5733333333333334,wonderful_nothing,82.852,0.4416,88.632,0.0
0.375,lust_for_life,3.6637133383602674,6.1087,0.625,13_beaches.txt,129.921,0.5357,35.433,0.0
0.2564,lust_for_life,3.5601660005252156,5.9545,0.5897435897435898,beautiful_people_beautiful_problems.txt,20.576,0.4615,0.0,24.691
0.4048,lust_for_life,3.8738784344259662,6.3155,0.5952380952380952,change.txt,64.838,0.5714,9.975,0.0
0.1212,lust_for_life,3.6542637259970228,6.04,0.5757575757575758,cherry.txt,101.887,0.5152,30.189,0.0
0.1852,lust_for_life,3.722043251429531,6.5318,0.6153846153846154,coachella.txt,75.829,0.463,23.697,47.393
0.25,lust_for_life,4.45006375643621,6.3241,0.4807692307692308,get_free.txt,78.313,0.4038,15.06,12.048
0.3455,lust_for_life,4.010029204387171,6.193,0.6181818181818182,god_bless_america.txt,103.774,0.5818,34.591,3.145
0.32,lust_for_life,3.647585439212223,6.513,0.54,groupie_love.txt,92.784,0.5,54.983,17.182
0.1644,lust_for_life,4.337319739916597,6.919,0.6029411764705882,heroin.txt,97.99,0.4658,27.638,5.025
0.3833,lust_for_life,3.8307501784370426,6.3097,0.6833333333333333,in_my_feelings.txt,152.542,0.5833,48.426,7.264
0.375,lust_for_life,3.1259619827626763,5.6175,0.7291666666666666,love.txt,26.403,0.6667,62.706,0.0
0.5781,lust_for_life,3.538265568787485,5.7522,0.7419354838709677,lust_for_life.txt,15.842,0.75,19.802,3.96
0.241,lust_for_life,3.738740578290821,6.3193,0.7195121951219512,summer_bummer.txt,57.661,0.6386,24.712,11.532
0.2075,lust_for_life,4.244350822806771,6.3541,0.5660377358490566,tomorrow_never_came.txt,79.096,0.5094,59.322,0.0
0.5303,lust_for_life,3.7208517025725967,6.0374,0.7142857142857143,when_the_world_was_at_war.txt,5.54,0.6212,41.551,2.77
0.2941,lust_for_life,2.8221819586428727,5.879,0.6470588235294118,white_mustang.txt,100.962,0.6176,120.192,0.0
0.4198,manic,4.100178905543853,6.3321,0.691358024691358,3am,105.802,0.6173,5.119,5.119
0.0612,manic,4.294646363420181,6.9278,0.4666666666666667,929,116.505,0.3125,33.981,14.563
0.5532,manic,3.7218449051368365,5.9301,0.6808510638297872,alanis_interlude,68.966,0.617,17.241,117.241
0.027,manic,4.519999987133628,6.7162,0.2972972972972973,ashley,125.954,0.2162,19.084,7.634
0.2432,manic,3.3656346302420435,5.8833,0.5833333333333334,clementine,145.503,0.3784,31.746,0.0
0.0,manic,3.0930692077718898,5.922,0.2857142857142857,dominics_interlude,8.929,0.2857,116.071,53.571
0.2,manic,4.124613375544554,6.3441,0.5333333333333333,finally_beautiful_stranger,133.333,0.4,40.58,2.899
0.0385,manic,4.026986833359287,6.5254,0.3076923076923077,forever_is_a_long_time,82.803,0.2308,6.369,19.108
0.4655,manic,4.044746204593989,5.7983,0.6206896551724138,graveyard,132.432,0.5345,72.973,5.405
0.434,manic,3.0551923157430316,5.746,0.7735849056603774,im_not_mad,160.976,0.6604,121.951,0.0
0.2326,manic,2.738269198295728,6.1201,0.7209302325581395,i_hate_everybody,171.93,0.6047,14.035,3.509
0.2424,manic,3.4291526372734094,5.9873,0.5454545454545454,killing_boys,117.188,0.4242,62.5,7.812
0.25,manic,2.7312702546075758,6.0188,0.6136363636363636,more,104.651,0.5,96.899,11.628
0.3396,manic,4.173135020715878,5.6696,0.5849056603773585,still_learning,202.02,0.5094,12.626,0.0
0.2381,manic,3.8209505944546684,6.452,0.55,suga_interlude,68.182,0.4524,22.727,0.0
0.4815,manic,2.921192131632841,5.732,0.6296296296296297,wipe_your_tears,78.534,0.5185,83.77,52.356
0.463,manic,3.3510766076898424,6.1105,0.6730769230769231,without_me,116.972,0.6481,103.211,6.881
0.4098,manic,3.7191001995205157,6.2183,0.6885245901639344,you_should_be_sad,81.841,0.6393,109.974,5.115
0.0,my_poetry,4.983809352191813,6.7019,0.29411764705882354,after_the_wave,75.377,0.0741,85.427,0.0
0.0,my_poetry,4.563856189774725,5.6456,0.04,cosmology,65.789,0.04,78.947,0.0
0.0,my_poetry,3.6753108689123635,6.384,0.30434782608695654,diamond_veins,120.536,0.087,116.071,4.464
0.0,my_poetry,5.280728783264809,6.7166,0.3717948717948718,enjambment,119.601,0.2532,93.023,0.0
0.0,my_poetry,4.495659814446203,6.103,0.32558139534883723,from_the_hotel_lobby,82.09,0.2093,97.015,29.851
0.0,my_poetry,5.296452949066458,7.0752,0.4387755102040816,hey_girly_text,107.943,0.21,63.136,48.88
0.0,my_poetry,4.640223928941852,6.4218,0.13333333333333333,ink_scars,66.667,0.0645,26.667,33.333
0.0,my_poetry,4.8329233459759635,6.5917,0.24390243902439024,in_another_lifetime,69.149,0.0476,90.426,15.957
0.0,my_poetry,3.4182958340544896,5.7579,0.08333333333333333,i_drew_you,137.5,0.0,87.5,0.0
0.1463,my_poetry,4.375487065435391,5.8318,0.36585365853658536,i_never_corrected_you,145.161,0.1707,80.645,0.0
0.0,my_poetry,4.700439718141092,5.9891,0.0,liminal,0.0,0.0333,30.303,0.0
0.0,my_poetry,5.414525120654194,6.9149,0.27692307692307694,objects_that_outlived_us,76.433,0.1791,44.586,3.185
0.0,my_poetry,4.94770277922009,6.421,0.1111111111111111,pitiful_blessing,103.448,0.1081,34.483,27.586
0.0,my_poetry,4.004886164091842,6.3126,0.18181818181818182,projection,100.84,0.1364,67.227,0.0
0.0526,my_poetry,4.609383763272786,6.3923,0.23684210526315788,tide_pod_dreams,95.541,0.1316,44.586,6.369
0.0,my_poetry,3.807354922057604,5.9617,0.0,why_now,84.211,0.1333,73.684,31.579
0.3542,newest,4.009286926505495,6.356,0.574468085106383,57_5,93.75,0.5208,15.625,28.125
0.0,newest,3.1898980954642875,6.0189,0.3333333333333333,all_about_ethel,86.957,0.125,8.696,8.696
0.3438,newest,3.4126878900165245,5.9493,0.5,bluebird,53.892,0.4375,29.94,23.952
0.3443,newest,4.166333549959637,6.5938,0.5789473684210527,henry_come_on,43.956,0.5574,41.209,41.209
0.2727,nfr,3.481714572986073,6.4914,0.6590909090909091,bartender,98.462,0.6136,9.231,15.385
0.383,nfr,3.862059595898176,6.4316,0.6382978723404256,california,43.269,0.5745,122.596,0.0
0.6,nfr,3.2624145846972676,5.515,0.675,cinnamon_girl,128.527,0.7,56.426,0.0
0.4634,nfr,2.63045569741692,6.1374,0.7560975609756098,doin_time,57.143,0.5366,3.175,22.222
0.3729,nfr,3.1631205007840095,6.0877,0.7627118644067796,fck_it_i_love_you,143.82,0.6102,80.899,0.0
0.4074,nfr,3.5513001232803023,6.381,0.7222222222222222,happiness_is_a_butterfly,94.987,0.5926,47.493,10.554
0.1642,nfr,4.386636752759834,6.7906,0.5538461538461539,hope_is_a_dangerous_thing,128.878,0.5373,9.547,7.16
0.1071,nfr,3.435698780751651,6.5348,0.5,how_to_disappear,76.142,0.5,30.457,45.685
0.4,nfr,3.8430101595548556,6.1327,0.5428571428571428,love_song,90.909,0.4857,68.182,0.0
0.3889,nfr,2.1923291847781257,5.7178,0.75,norman_fcking_rockwell,66.986,0.5833,162.679,0.0
0.1515,nfr,3.086716575900036,6.1804,0.5151515151515151,the_greatest,112.971,0.5152,12.552,8.368
0.4444,nfr,3.8356458738189905,6.2701,0.6222222222222222,the_next_best_american_record,95.238,0.5333,30.812,14.006
0.225,nfr,3.8423079896957377,6.4966,0.5384615384615384,venice_btch,93.023,0.475,119.601,9.967
0.0556,ocean_vuong_poetry,5.245447224305562,6.8878,0.2222222222222222,aubade_with_burning_city,11.73,0.2037,8.798,64.516
0.0,ocean_vuong_poetry,3.9219280948873627,6.5137,0.2,a_little_closer_to_the_edge,20.979,0.05,6.993,76.923
0.0,ocean_vuong_poetry,3.3735572622751855,5.7149,0.2,detonation,40.404,0.0667,30.303,10.101
0.0,ocean_vuong_poetry,4.51364592935837,6.327,0.23529411764705882,devotion,56.452,0.1471,16.129,0.0
0.0,ocean_vuong_poetry,5.101345257520842,6.3812,0.05405405405405406,essay_on_craft,70.423,0.0526,0.0,7.042
0.0,ocean_vuong_poetry,4.2603326005698765,6.4358,0.25806451612903225,eurydice,18.75,0.1875,18.75,31.25
0.0,ocean_vuong_poetry,5.5337459306174965,7.8171,0.3076923076923077,not_even_this,73.479,0.2143,20.666,16.073
0.1333,ocean_vuong_poetry,5.041215361181876,7.488,0.3698630136986301,on_earth_we're_briefly_gorgeous,65.868,0.1692,29.94,15.968
0.0,ocean_vuong_poetry,4.773557262275186,6.6753,0.06666666666666667,prayer_for_the_newly_damned,28.846,0.125,14.423,24.038
0.0,ocean_vuong_poetry,4.86085620031076,6.6863,0.1951219512195122,someday_i'll_love_ocean_vuong,7.722,0.0714,61.776,3.861
0.0,ocean_vuong_poetry,3.905764584655453,6.1664,0.1111111111111111,the_touch,83.969,0.1667,0.0,45.802
0.0,ocean_vuong_poetry,4.933660689688185,6.9574,0.3,to_my_father_to_my_future_son,57.348,0.1176,50.179,10.753
0.5,rumours,3.1875,5.5665,0.6875,dont_stop,15.873,0.5938,63.492,0.0
0.1667,rumours,3.4846184885796148,5.7212,0.5555555555555556,dreams,26.201,0.5,122.271,26.201
0.35,rumours,3.6149112214500145,5.9486,0.6,gold_dust_woman,4.902,0.575,93.137,24.51
0.36,rumours,2.6750849518197795,5.1353,0.64,go_your_own_way,92.437,0.52,168.067,0.0
0.4857,rumours,3.1352701614643705,5.393,0.6285714285714286,i_dont_want_to_know,89.431,0.6,81.301,0.0
0.3,rumours,2.2464393446710154,4.6594,0.5,never_going_back_again,113.208,0.4,18.868,18.868
0.2857,rumours,3.0009230918800163,5.5178,0.5238095238095238,oh_daddy,132.075,0.3333,122.642,0.0
0.2692,rumours,3.103909910282364,5.5604,0.5769230769230769,second_hand_news,145.695,0.4615,72.848,0.0
0.3,rumours,2.5464393446710156,5.0445,0.65,songbird,112.0,0.65,104.0,16.0
0.6512,rumours,3.369181630777662,4.9642,0.7209302325581395,the_chain,70.755,0.7209,113.208,0.0
0.4167,rumours,2.7091479170272446,5.3962,0.6666666666666666,you_make_loving_fun,104.575,0.5,104.575,0.0
0.3478,say_you_will,2.2816696599988733,5.0517,0.6956521739130435,bleed_to_love_her,76.923,0.5652,6.993,125.874
0.3333,say_you_will,3.822176920557069,6.1341,0.6222222222222222,come,63.433,0.4667,33.582,11.194
0.4222,say_you_will,3.826615385895286,6.1925,0.5777777777777777,destiny_rules,66.007,0.4444,33.003,9.901
0.4521,say_you_will,3.872547032048097,6.094,0.684931506849315,everybody_finds_out,72.046,0.6301,60.519,77.81
0.3333,say_you_will,3.606572919845259,5.7451,0.5277777777777778,goodbye_baby,100.503,0.5,65.327,0.0
0.3077,say_you_will,4.621483433138046,6.1576,0.5405405405405406,illume,71.078,0.5385,7.353,0.0
0.2564,say_you_will,3.428003195843088,5.8881,0.6153846153846154,miranda,0.0,0.5641,0.0,86.777
0.2727,say_you_will,3.4594316186372973,5.8138,0.4090909090909091,murrow_turning_over_in_his_grave,0.0,0.3182,16.216,64.865
0.3571,say_you_will,3.061145886715422,5.8709,0.5714285714285714,not_make_believe,90.909,0.4643,0.0,3.953
0.3191,say_you_will,3.37311385140145,6.0099,0.7021276595744681,peacekeeper,0.0,0.5957,41.298,11.799
0.3542,say_you_will,3.635783196330728,5.8343,0.5952380952380952,red_rover,29.289,0.5833,100.418,0.0
0.4237,say_you_will,3.603657968657147,5.6162,0.7457627118644068,running_through_the_garden,89.783,0.6102,68.111,24.768
0.2059,say_you_will,3.274264591493146,5.8795,0.5882352941176471,say_goodbye,107.317,0.5,63.415,0.0
0.561,say_you_will,2.9813100054663626,5.3149,0.7073170731707317,say_you_will,72.022,0.7073,119.114,0.0
0.2653,say_you_will,4.048810743029483,5.7253,0.5306122448979592,silver_girl,0.0,0.5102,45.455,148.76
0.5889,say_you_will,3.5983977915341656,5.3924,0.75,smile_at_you,126.068,0.6889,21.368,4.274
0.4595,say_you_will,2.1290704345198392,4.9358,0.8378378378378378,steal_your_heart_away,0.0,0.7838,70.588,0.0
0.2647,say_you_will,3.46630356246317,6.2488,0.5588235294117647,thrown_down,12.876,0.5294,77.253,120.172
0.4242,say_you_will,3.1724414675155037,5.3572,0.5757575757575758,whats_the_world_coming_to,87.912,0.4848,0.0,16.484
0.1143,street_angel,3.389458645814078,6.0631,0.6,blue_denim,104.265,0.5714,42.654,61.611
0.3889,street_angel,2.7092840898314487,5.4918,0.7777777777777778,destiny,72.65,0.8056,21.368,0.0
0.1304,street_angel,4.162619370532496,6.2768,0.5217391304347826,docklands,86.826,0.4565,59.88,5.988
0.0,street_angel,3.584183719779189,6.1921,0.35,gods_garden,104.839,0.25,16.129,56.452
0.1739,street_angel,4.24684334837874,6.3494,0.5217391304347826,greta,20.906,0.587,17.422,69.686
0.1154,street_angel,3.5843031793467124,6.0463,0.4230769230769231,inspiration,128.205,0.3846,51.282,5.128
0.075,street_angel,4.261768795973195,6.265,0.425,jane,3.846,0.475,34.615,53.846
0.0,street_angel,4.226150431961057,6.2576,0.4,just_like_a_woman,70.588,0.4,11.765,86.275
0.1702,street_angel,3.8617479408406754,5.7916,0.5319148936170213,kick_it,108.197,0.5319,32.787,0.0
0.1698,street_angel,3.9870777657614935,5.8253,0.5283018867924528,listen_to_the_rain,13.201,0.6038,69.307,16.502
0.1556,street_angel,3.668436478440558,6.0561,0.5777777777777777,love_is_like_a_river,52.308,0.5333,55.385,6.154
0.2826,street_angel,4.569772760819465,6.0761,0.3695652173913043,maybe_love_will_change_your_mind,58.366,0.5217,101.167,3.891
0.1515,street_angel,4.0895524525606675,6.1843,0.42424242424242425,rose_garden,117.886,0.3939,65.041,0.0
0.1136,street_angel,4.66126308502903,6.3768,0.3409090909090909,street_angel,65.693,0.4545,113.139,29.197
0.0455,street_angel,3.913977073182752,5.9542,0.2727272727272727,unconditional_love,53.571,0.3636,62.5,0.0
0.0,the_colossus,3.521640636343318,6.0487,0.14285714285714285,aftermath,0.0,0.0714,0.0,54.945
0.0,the_colossus,4.879143374026009,6.9815,0.11428571428571428,blue_moles,8.264,0.0556,0.0,37.19
0.0,the_colossus,3.94770277922009,6.1699,0.1111111111111111,departure,0.0,0.0,0.0,8.403
0.0,the_colossus,3.521640636343318,6.1669,0.14285714285714285,faun,0.0,0.0,0.0,21.978
0.0,the_colossus,5.095795255000934,6.8999,0.18181818181818182,hardcastle_crags,0.0,0.0667,0.0,53.968
0.0,the_colossus,4.02816835798553,6.8147,0.35294117647058826,lorelei,16.393,0.1944,38.251,16.393
0.0,the_colossus,4.315824333525708,6.7406,0.19230769230769232,moonrise,13.699,0.1333,4.566,22.831
0.0,the_colossus,3.669149588474264,6.3066,0.2608695652173913,night_shift,8.85,0.1667,0.0,8.85
0.0,the_colossus,4.59306920777189,6.9962,0.10714285714285714,ouija,8.772,0.0625,0.0,70.175
0.0,the_colossus,5.155548692057138,7.1072,0.19148936170212766,point_shirley,14.599,0.0833,7.299,29.197
0.0,the_colossus,5.003055907333276,7.1706,0.15,sow,0.0,0.0889,0.0,25.455
0.0,the_colossus,3.6901165175936645,6.4546,0.17647058823529413,suicide_off_egg_rock,17.045,0.125,0.0,51.136
0.0,the_colossus,4.504706483564822,6.7294,0.1111111111111111,the_colossus,40.724,0.0667,45.249,4.525
0.0,the_colossus,4.375222374437917,6.5863,0.20689655172413793,the_eye-mote,53.922,0.1,0.0,4.902
0.0,the_colossus,3.506890595608519,5.9917,0.2,the_manor_garden,0.0,0.1,26.549,26.549
0.0,the_colossus,5.12905693678402,6.9723,0.1702127659574468,the_thin_people,0.0,0.0851,0.0,59.603
0.0,the_colossus,3.6069367321753214,6.5085,0.36363636363636365,two_views_of_a_cadaver_room,0.0,0.1818,0.0,85.227
0.2593,the_family_jewels,4.039532122846974,6.1032,0.5925925925925926,are_you_satisfied,102.894,0.5,70.74,3.215
0.5263,the_family_jewels,3.585987907082474,5.9165,0.6964285714285714,girls,49.563,0.5965,43.732,43.732
0.5556,the_family_jewels,3.2160402791399614,5.6561,0.7222222222222222,guilty,144.444,0.6481,11.111,3.704
0.5412,the_family_jewels,3.855726524396935,6.445,0.7529411764705882,hermit_the_frog,97.71,0.7412,36.641,27.481
0.3261,the_family_jewels,3.3455625892632064,6.2708,0.6888888888888889,hollywood,65.147,0.5,45.603,9.772
0.303,the_family_jewels,3.088960028056005,5.651,0.5757575757575758,i_am_not_a_robot,64.655,0.5455,86.207,0.0
0.2821,the_family_jewels,3.275644772513433,5.8893,0.6666666666666666,mowglis_road,75.949,0.3846,25.316,0.0
0.4043,the_family_jewels,3.423082267265211,6.0325,0.7021276595744681,numb,101.045,0.617,6.969,0.0
0.1818,the_family_jewels,3.840018266288633,6.686,0.4375,obsessions,56.14,0.2727,59.649,0.0
0.4808,the_family_jewels,3.7869790280186395,5.6463,0.6538461538461539,oh_no,151.762,0.5769,8.13,0.0
0.3659,the_family_jewels,3.6964393446710155,5.9506,0.625,rootless,105.263,0.5122,4.386,26.316
0.4444,the_family_jewels,2.6489559041599935,5.6807,0.7222222222222222,shampain,43.86,0.6111,0.0,0.0
0.4074,the_family_jewels,3.7373393393006653,6.1667,0.6481481481481481,the_family_jewels,84.142,0.537,29.126,12.945
0.4737,the_family_jewels,3.1873814611915625,5.5347,0.7017543859649122,the_outsider,127.451,0.6316,19.608,3.268
0.2174,the_great_impersonator,3.916430417232285,6.631,0.5434782608695652,arsonist,68.878,0.3696,86.735,12.755
0.1071,the_great_impersonator,3.655045546825804,6.5269,0.42857142857142855,darwinism,111.57,0.2857,24.793,12.397
0.3191,the_great_impersonator,4.14648652258436,6.4375,0.5319148936170213,dog_years,140.162,0.4468,16.173,10.782
0.3333,the_great_impersonator,3.7396683159536606,6.6191,0.6785714285714286,ego,175.644,0.5965,2.342,0.0
0.2069,the_great_impersonator,3.5814447879326106,6.68,0.5172413793103449,hometown,47.337,0.3793,5.917,20.71
0.2857,the_great_impersonator,4.164533312973134,6.887,0.5102040816326531,hurt_feelings,92.511,0.3878,24.229,37.445
0.1304,the_great_impersonator,3.5722855317162576,6.63,0.6222222222222222,i_believe_in_magic,147.287,0.4348,10.336,41.344
0.3333,the_great_impersonator,3.3280951726543564,6.5299,0.6382978723404256,i_never_loved_you,56.931,0.5208,91.584,32.178
0.1333,the_great_impersonator,3.9735572622751856,6.1446,0.4,letter_to_god,92.166,0.3667,0.0,78.341
0.1,the_great_impersonator,3.2219280948873625,6.1657,0.45,letter_to_god_1983,134.328,0.35,14.925,9.95
0.2222,the_great_impersonator,3.22327156596545,6.4214,0.5384615384615384,letter_to_god_1998,118.852,0.3704,40.984,12.295
0.0,the_great_impersonator,4.735362370366207,6.7301,0.2926829268292683,life_of_the_spider,151.125,0.1463,51.447,3.215
0.3784,the_great_impersonator,3.424497391647631,6.3692,0.5714285714285714,lonely_is_the_muse,105.769,0.4324,35.256,0.0
0.2174,the_great_impersonator,4.194879010866496,6.5059,0.5217391304347826,lucky,131.98,0.3913,10.152,20.305
0.1042,the_great_impersonator,4.431127542695028,6.7276,0.4375,only_living_girl_in_LA,160.207,0.3333,2.584,0.0
0.45,the_great_impersonator,3.720950594454669,5.9409,0.6,panic_attack,113.26,0.575,49.724,2.762
0.098,the_great_impersonator,4.383981820580905,6.6223,0.48,the_end,98.315,0.3922,33.708,28.09
0.275,the_great_impersonator,3.7898227820087556,6.4236,0.475,the_great_impersonator,68.807,0.4,9.174,27.523
0.4222,ultraviolence,2.8647331461128958,5.7049,0.6888888888888889,black_beauty.txt,59.055,0.6222,70.866,11.811
0.3108,ultraviolence,3.835838281815867,5.9185,0.7027027027027027,brooklyn_baby.txt,134.615,0.6081,24.038,21.635
0.3881,ultraviolence,3.5031264930285433,5.8732,0.7910447761194029,cruel_world.txt,111.702,0.7121,117.021,0.0
0.5106,ultraviolence,2.8295207658347543,5.228,0.7659574468085106,fcked_my_way_up_to_the_top.txt,156.934,0.6957,58.394,0.0
0.377,ultraviolence,4.311719510677131,6.3477,0.5660377358490566,florida_kilos.txt,45.872,0.541,36.697,6.116
0.3043,ultraviolence,3.651537305221041,5.4044,0.5652173913043478,guns_and_roses.txt,34.632,0.5217,60.606,56.277
0.439,ultraviolence,3.0273644129016373,5.7269,0.6829268292682927,money_power_glory.txt,72.289,0.6341,76.305,24.096
0.2353,ultraviolence,3.4748475052706205,5.6861,0.5882352941176471,old_money.txt,51.948,0.5294,99.567,0.0
0.2222,ultraviolence,3.0923142370125563,5.2725,0.6388888888888888,pretty_when_you_cry.txt,211.864,0.5278,93.22,4.237
0.6212,ultraviolence,2.511637076230318,5.1642,0.8484848484848485,sad_girl.txt,103.093,0.8182,41.237,38.66
0.2105,ultraviolence,3.0645783739023833,5.9287,0.6857142857142857,shades_of_cool.txt,51.282,0.5405,72.65,85.47
0.0476,ultraviolence,3.3087513512471665,5.7799,0.47619047619047616,the_other_woman.txt,0.0,0.381,0.0,70.922
0.2917,ultraviolence,4.329239931817578,6.2967,0.3611111111111111,ultraviolence.txt,123.239,0.4375,28.169,45.775
0.3929,ultraviolence,3.233137277965342,6.1825,0.7272727272727273,west_coast,118.687,0.6429,68.182,35.354
0.0,violet_bent_backwards_over_the_grass,4.718488437474712,6.8255,0.15151515151515152,bare_feet_on_linoleum,51.724,0.1515,30.172,17.241
0.0816,violet_bent_backwards_over_the_grass,4.3665208755696945,6.4819,0.4489795918367347,happy,96.154,0.3061,38.462,10.989
0.0105,violet_bent_backwards_over_the_grass,4.9785923170531,7.366,0.5053763440860215,la_who_am_i_to_love_you,130.221,0.3368,41.769,6.143
0.0571,violet_bent_backwards_over_the_grass,4.29444641840572,6.6023,0.3142857142857143,my_bedroom_is_a_sacred_place_now,132.716,0.2286,40.123,15.432
0.0,violet_bent_backwards_over_the_grass,4.831074987250572,6.7805,0.1891891891891892,never_to_heaven,67.114,0.1795,20.134,3.356
0.0469,violet_bent_backwards_over_the_grass,4.909686574830371,7.182,0.36507936507936506,paradise_is_very_fragile,75.556,0.2188,33.333,6.667
0.0345,violet_bent_backwards_over_the_grass,3.4982847345726755,6.7773,0.603448275862069,past_the_bushes_cypress_thriving,7.576,0.5,68.182,7.576
0.0,violet_bent_backwards_over_the_grass,3.0436450333085068,6.5046,0.5,quiet_waiter_blue_forever,83.832,0.303,35.928,5.988
0.0,violet_bent_backwards_over_the_grass,3.7219280948873625,6.6066,0.3,salamander,80.169,0.0476,37.975,12.658
0.0,violet_bent_backwards_over_the_grass,5.302807204827763,7.528,0.5,sportcruiser,83.493,0.3596,32.63,18.234
0.0,violet_bent_backwards_over_the_grass,3.8646983261669607,7.1781,0.41935483870967744,tessa_dipietro,38.596,0.1818,49.123,38.596
0.069,violet_bent_backwards_over_the_grass,5.003813002756471,7.2288,0.4823529411764706,the_land_of_1000_fires,97.76,0.3678,42.77,2.037
0.0,violet_bent_backwards_over_the_grass,3.452819531114783,6.0204,0.25,violet_bent_backwards_over_the_grass,57.692,0.1875,0.0,19.231
0.0,violet_bent_backwards_over_the_grass,3.8512274809529554,6.3119,0.2916666666666667,what_happened_when_i_left_you,74.627,0.125,14.925,0.0
0.38,zaba,4.258171939471839,5.8669,0.5,black_mambo,5.882,0.44,94.118,35.294
0.1515,zaba,4.241729296672175,6.1195,0.34375,cocoa_hooves,19.048,0.2727,142.857,14.286
0.3243,zaba,3.6739738004091285,6.0315,0.5405405405405406,flip,158.416,0.5135,39.604,6.601
0.35,zaba,4.102078406900582,6.3355,0.475,gooey,128.049,0.425,39.634,3.049
0.25,zaba,3.4594911601991534,5.446,0.46153846153846156,hazey,120.567,0.4286,177.305,0.0
0.4821,zaba,3.141403067826855,5.8241,0.7090909090909091,pools,143.603,0.625,46.997,2.611
0.3469,zaba,4.1878497020561545,6.1383,0.5510204081632653,toes,144.531,0.4694,23.438,3.906
0.0,zaba,3.936180434129755,6.3691,0.2608695652173913,walla_walla,87.302,0.2174,47.619,15.873
0.3409,zaba,4.302753141601364,6.298,0.4772727272727273,wyrd,35.294,0.4318,86.275,3.922
